code,name_ja,name_en,population,gdp_nominal,gdp_ppp_per_capita,gdp_ppp,y_gdp,y_ppp,y_population,surface,population_density,y_net,net,y_life,life,y_young,young,y_forest,forest,y_tas,tas
ABW,アルバ,Aruba,107939.0,3648573136.15155,40299.09532744226,4349844050.54879,2023.0,2023.0,2023,180.0,599.6611111111112,2017.0,97.17,2022.0,74.992,2023.0,17.1852490075367,2022.0,2.33333333333333,2023.0,29.39
AFG,アフガニスタン,Afghanistan,41454761.0,17233051620.1117,1992.424394197955,82595477072.046,2023.0,2023.0,2023,652860.0,63.49716784609258,2023.0,17.7089,2022.0,62.879,2023.0,43.2262038611198,2022.0,1.85278199408184,2023.0,14.67
AGO,アンゴラ,Angola,36749906.0,84824654481.7249,7244.893052951564,266249138676.023,2023.0,2023.0,2023,1246700.0,29.477746049570868,2023.0,44.7581,2022.0,61.929,2023.0,44.5722650283786,2022.0,52.5364972326943,2023.0,21.51
AIA,アンギラ,Anguilla,14410.0,0.0,0.0,0.0,0.0,0.0,2023,0.0,0.0,2016.0,81.57,0.0,0.0,0.0,0.0,0.0,0.0,2023.0,28.35
ALB,アルバニア,Albania,2811655.0,23547179830.4413,17555.86623157169,49361039069.3297,2023.0,2023.0,2023,28750.0,97.79669565217392,2023.0,83.1356,2022.0,76.833,2023.0,17.0419734995937,2022.0,28.7919708029197,2023.0,13.86
AND,アンドラ,Andorra,80856.0,3785067331.7625,64631.29639092709,5225828100.9848,2023.0,2023.0,2023,470.0,172.03404255319148,2023.0,95.4456,0.0,0.0,2023.0,12.2476996141288,2022.0,34.0425531914894,2023.0,9.56
ARE,アラブ首長国連邦,United Arab Emirates,10642081.0,514130432653.081,67557.2624835013,718949859487.682,2023.0,2023.0,2023,98647.9,107.8794480166329,2023.0,100.0,2022.0,79.196,2023.0,16.3389425432864,2022.0,4.46775556181357,2023.0,28.95
ARG,アルゼンチン,Argentina,45538401.0,646075277525.125,27104.97999781701,1234317448237.57,2023.0,2023.0,2023,2780400.0,16.378363185153216,2023.0,89.229,2022.0,76.064,2023.0,22.190657287242,2022.0,10.3611377978507,2023.0,15.95
ARM,アルメニア,Armenia,2943393.0,24085749592.3359,19540.569356761025,57515575060.7049,2023.0,2023.0,2023,29740.0,98.97084734364492,2023.0,79.9966,2022.0,73.372,2023.0,19.5453342452061,2022.0,11.522655426765,2023.0,9.02
ASM,アメリカ領サモア,American Samoa,47521.0,871000000.0,0.0,0.0,2022.0,0.0,2023,200.0,237.605,0.0,0.0,0.0,0.0,2023.0,27.5109951389912,2022.0,85.35,2023.0,27.5
ATG,アンティグア・バーブーダ,Antigua and Barbuda,93316.0,2033085185.18518,28967.255677526682,2703108430.80408,2023.0,2023.0,2023,440.0,212.0818181818182,2023.0,77.5756,2022.0,79.236,2023.0,18.2172307923121,2022.0,18.1615909090909,2023.0,27.83
AUS,オーストラリア,Australia,26451124.0,1728057316695.61,60883.570768910235,1610438879971.22,2023.0,2023.0,2023,7741220.0,3.4169192969583606,2023.0,97.0631,2022.0,83.2,2023.0,18.0302829475224,2022.0,17.4213145571644,2023.0,22.32
AUT,オーストリア,Austria,9130429.0,511685203845.001,64345.423243649566,587501318401.092,2023.0,2023.0,2023,83879.0,108.85238259874345,2024.0,94.9197,2022.0,81.0926829268293,2023.0,14.3026357250026,2022.0,47.206131846825,2023.0,8.84
AZE,アゼルバイジャン,Azerbaijan,10318207.0,72356176470.5882,20923.836946340387,215896480846.588,2023.0,2023.0,2023,86600.0,119.14788683602772,2023.0,89.0,2022.0,73.488,2023.0,22.3444393003552,2022.0,13.9724815486993,2023.0,14.21
BDI,ブルンジ,Burundi,13689450.0,2642161668.85211,828.8610743095229,11346652233.7065,2023.0,2023.0,2023,27830.0,491.8954365792311,2023.0,11.0784,2022.0,61.977,2023.0,45.3647423879244,2022.0,10.8894080996885,2023.0,20.83
BEL,ベルギー,Belgium,11712893.0,644782756682.756,63276.324905499605,741148823051.352,2023.0,2023.0,2023,30689.0,381.6642119326143,2023.0,94.6263,2022.0,81.6975609756098,2023.0,16.2907447374445,2022.0,22.604446776415,2023.0,11.92
BEN,ベナン,Benin,14111034.0,19676049075.7011,3721.224527233901,52510325825.4315,2023.0,2023.0,2023,114760.0,122.96125827814568,2023.0,32.2083,2022.0,59.954,2023.0,41.8362665047697,2022.0,26.9169031571479,2023.0,28.61
BES,ボネール、シント・ユースタティウスおよびサバ,"Bonaire, Sint Eustatius and Saba",29898.0,0.0,0.0,0.0,0.0,0.0,2023,0.0,0.0,0.0,0.0,0.0,0.0,0.0,0.0,0.0,0.0,2023.0,28.14
BFA,ブルキナファソ,Burkina Faso,23025776.0,20324617844.5265,2482.0722534380507,57151639723.4798,2023.0,2023.0,2023,274200.0,83.9743836615609,2023.0,17.0226,2022.0,59.766,2023.0,42.4012506679471,2022.0,22.3552631578947,2023.0,29.96
BGD,バングラデシュ,Bangladesh,171466990.0,437415331040.994,8242.397989772435,1413299173688.33,2023.0,2023.0,2023,147570.0,1161.9366402385308,2023.0,44.5027,2022.0,73.698,2023.0,28.3608821732976,2022.0,14.4687716063609,2023.0,26.0
BGR,ブルガリア,Bulgaria,6795803.0,102407653020.606,31410.2640797972,213457966864.278,2023.0,2023.0,2023,111000.0,61.22345045045045,2023.0,80.3896,2022.0,74.3609756097561,2023.0,14.5382010043552,2022.0,36.0998526160649,2023.0,13.03
BHR,バーレーン,Bahrain,1569666.0,46079867021.2766,57482.560392109604,90228420640.4411,2023.0,2023.0,2023,790.0,1986.918987341772,2023.0,100.0,2022.0,79.246,2023.0,18.9918807542116,2022.0,0.936708860759494,2023.0,28.88
BHS,バハマ,Bahamas,399440.0,14338500000.0,33105.60385897106,13223702405.4274,2023.0,2023.0,2023,13880.0,28.77809798270893,2023.0,94.8186,2022.0,74.358,2023.0,18.3282616559913,2022.0,50.9350649350649,2023.0,26.56
BIH,ボスニア・ヘルツェゴビナ,Bosnia and Herzegovina,3185073.0,27514782476.0406,19829.28225724622,63157711526.934,2023.0,2023.0,2023,51210.0,62.196309314587,2023.0,83.3772,2022.0,75.293,2023.0,13.2199167805573,2022.0,42.7326171875,2023.0,11.86
BLM,サン・バルテルミー,Saint Barthélemy,11085.0,0.0,0.0,0.0,0.0,0.0,2023,0.0,0.0,0.0,0.0,0.0,0.0,0.0,0.0,0.0,0.0,2023.0,0.0
BLR,ベラルーシ,Belarus,9115680.0,71857382745.6066,27908.727558786508,254407029633.079,2023.0,2023.0,2023,207630.0,43.90348215575784,2023.0,91.5125,2022.0,73.1114634146342,2023.0,16.6752836870096,2022.0,43.3351396620523,2023.0,8.81
BLZ,ベリーズ,Belize,411106.0,3066850000.0,12455.296065002407,5120446944.09888,2023.0,2023.0,2023,22970.0,17.897518502394426,2023.0,72.3595,2022.0,70.962,2023.0,26.9925846285199,2022.0,55.0078912757563,2023.0,26.42
BMU,バミューダ,Bermuda,64697.99999999999,8141700000.0,98041.688720843,6343101176.8611,2023.0,2023.0,2023,4290.0,15.08111888111888,2017.0,98.37,2022.0,81.571,2023.0,13.8783269961977,2022.0,18.5185185185185,2023.0,21.8
BOL,ボリビア,"Bolivia, Plurinational State of",12244159.0,45135398008.8166,9843.97014174081,120531135606.727,2023.0,2023.0,2023,1098580.0,11.145441387973566,2023.0,70.2368,2022.0,64.928,2023.0,30.1423997294384,2022.0,46.5396883596418,2023.0,21.99
BRA,ブラジル,Brazil,211140729.0,2173665655937.27,19018.239069749638,4015524861483.22,2023.0,2023.0,2023,8510417.771,24.809678523595007,2023.0,84.1506,2022.0,73.425,2023.0,19.9359520540445,2022.0,59.1275118866159,2023.0,25.92
BRB,バルバドス,Barbados,282336.0,6720733200.0,19224.462118294443,5427757736.63078,2023.0,2023.0,2023,430.0,656.5953488372093,2023.0,79.9923,2022.0,77.706,2023.0,17.4867887906608,2022.0,14.6511627906977,2023.0,26.93
BRN,ブルネイ,Brunei Darussalam,458949.0,15128292980.8638,76828.39983149696,35260317274.2657,2023.0,2023.0,2023,5770.0,79.54055459272097,2023.0,99.0336,2022.0,74.551,2023.0,21.0243633000217,2022.0,72.1062618595825,2023.0,27.29
BTN,ブータン,Bhutan,786385.0,2898227743.13545,13963.485335879119,10980675415.8553,2022.0,2022.0,2023,38390.0,20.48411044542849,2023.0,88.426,2022.0,72.229,2023.0,21.461497866821,2022.0,71.5532249606712,2023.0,10.68
BWA,ボツワナ,Botswana,2480244.0,19396084498.0084,18846.25046120422,46743299628.899,2023.0,2023.0,2023,581730.0,4.2635655716569545,2023.0,81.36,2022.0,65.913,2023.0,32.2812529167991,2022.0,26.4995676953752,2023.0,22.16
CAF,中央アフリカ共和国,Central African Republic,5152421.0,2555492085.24831,1135.136276817135,5848699990.53442,2023.0,2023.0,2023,622980.0,8.270604192750971,2019.0,7.50916,2022.0,54.477,2023.0,49.1664451688289,2022.0,35.7041959613471,2023.0,25.39
CAN,カナダ,Canada,39299105.0,2142470914401.36,57838.935710770005,2273018407585.8,2023.0,2023.0,2023,15634410.0,2.5136289121239623,2023.0,93.9564,2022.0,81.2956097560976,2023.0,15.3045433897864,2022.0,39.4659199995449,2023.0,-2.89
CHE,スイス,Switzerland,8870561.0,884940402230.409,81845.30831341467,726013799957.952,2023.0,2023.0,2023,41290.7,214.8319355205894,2023.0,97.3444,2022.0,83.4536585365854,2023.0,15.0109897220706,2022.0,32.2956707010417,2023.0,7.97
CHL,チリ,Chile,19658835.0,335533331669.219,29490.758492036788,579753955219.8,2023.0,2023.0,2023,756700.0,25.979694727104533,2023.0,94.4574,2022.0,79.519,2023.0,17.3843388990243,2022.0,24.8227737340155,2023.0,10.04
CHN,中国,China,1422584933.0,17794783039552.0,21952.8076873006,31229733453000.4,2023.0,2023.0,2023,9562910.0,148.76067358157715,2023.0,77.4827,2022.0,78.587,2023.0,16.5896107225921,2022.0,23.8317336318638,2023.0,8.4
CIV,コートジボワール,Côte d'Ivoire,31165654.0,78875489245.0538,6485.315849017479,202119109831.195,2023.0,2023.0,2023,322460.0,96.64967437821744,2023.0,40.6528,2022.0,58.916,2023.0,41.2764240403875,2022.0,8.21049968553459,2023.0,27.3
CMR,カメルーン,Cameroon,28372687.0,49279410982.826,4870.57076514364,138191179830.771,2023.0,2023.0,2023,475440.0,59.67669316843345,2023.0,41.9088,2022.0,60.958,2023.0,41.7605547898935,2022.0,42.7925789596158,2023.0,24.99
COD,コンゴ民主共和国,"Congo, The Democratic Republic of the",105789731.0,66383287002.9867,1455.8356229714016,154012458934.362,2023.0,2023.0,2023,2344860.0,45.11558515220525,2023.0,30.548,2022.0,59.743,2023.0,46.0882883515022,2022.0,54.6756759224543,2023.0,24.33
COG,コンゴ共和国,Congo,6182885.0,15321055822.5167,6172.287766506832,38162545447.2186,2023.0,2023.0,2023,342000.0,18.078611111111112,2023.0,38.3791,2022.0,63.053,2023.0,40.883697497204,2022.0,64.1756954612006,2023.0,24.77
COK,クック諸島,Cook Islands,14222.0,0.0,0.0,0.0,0.0,0.0,2023,0.0,0.0,2016.0,54.0,0.0,0.0,0.0,0.0,0.0,0.0,2023.0,24.66
COL,コロンビア,Colombia,52321152.0,363493841244.303,18324.905300569128,958780155616.683,2023.0,2023.0,2023,1140619.05,45.87083829609895,2023.0,77.3369,2022.0,73.659,2023.0,20.5978461579186,2022.0,52.9457763857593,2023.0,25.32
COM,コモロ,Comoros,850387.0,1352380971.24055,3498.8032706452946,2975336816.91424,2023.0,2023.0,2023,1861.0,456.9516389038152,2023.0,35.6678,2022.0,63.68,2023.0,37.4013831349727,2022.0,17.2165502418055,2023.0,24.38
CPV,カーボベルデ,Cabo Verde,522331.0,2533819406.4916,9288.402170394404,4851620394.06428,2023.0,2023.0,2023,4030.0,129.6106699751861,2023.0,73.539,2022.0,74.722,2023.0,26.3708514053841,2022.0,11.4937965260546,2023.0,23.08
CRI,コスタリカ,Costa Rica,5105525.0,86497941439.0174,25989.909807371816,132692134269.282,2023.0,2023.0,2023,51100.0,99.9124266144814,2023.0,85.3951,2022.0,77.32,2023.0,19.3309875741488,2022.0,60.0785350567959,2023.0,25.42
CUB,キューバ,Cuba,11019931.0,107351800000.0,0.0,0.0,2020.0,0.0,2023,109880.0,100.29059883509282,2023.0,71.275,2022.0,78.155,2023.0,15.5139771525782,2022.0,31.233140655106,2023.0,26.7
CUW,キュラソー,Curaçao,185427.0,3281419347.37053,23034.635657143568,4271243385.99716,2023.0,2023.0,2023,444.0,417.6283783783784,2017.0,68.1272,2017.0,78.0170731707317,2023.0,15.2426561396129,2022.0,0.157657657657658,2023.0,28.48
CYM,ケイマン諸島,Cayman Islands,73038.0,7139428557.71423,78109.35065934403,5704950753.45717,2023.0,2023.0,2023,264.0,276.65909090909093,2017.0,81.0677,2021.0,82.009756097561,2023.0,16.2942577836195,2022.0,52.6666666666667,2023.0,28.64
CYP,キプロス,Cyprus,1344976.0,33886930712.3394,35946.073742110195,48346606477.3684,2023.0,2023.0,2023,9250.0,145.40281081081082,2023.0,91.2211,2022.0,81.889,2023.0,16.0538983795616,2022.0,18.6677489177489,2023.0,19.89
CZE,チェコ,Czechia,10809716.0,343207874553.734,47690.828114821525,515524307726.036,2023.0,2023.0,2023,78871.47,137.05483110686285,2023.0,85.994,2022.0,79.0292682926829,2023.0,15.6736356440817,2022.0,34.7369431785448,2023.0,10.04
DEU,ドイツ,Germany,84548231.0,4525703903627.53,62151.23951569891,5254777355509.64,2023.0,2023.0,2023,357600.0,236.432413310962,2024.0,93.5,2022.0,80.7056097560976,2023.0,13.9155702737293,2022.0,32.685482024273,2023.0,10.88
DJI,ジブチ,Djibouti,1152944.0,4098530513.55777,6400.620163347535,7379556613.61056,2023.0,2023.0,2023,23200.0,49.69586206896552,2023.0,65.0248,2022.0,62.859,2023.0,29.5746062144416,2022.0,0.257308024158758,2023.0,28.6
DMA,ドミニカ国,Dominica,66510.0,653992592.592593,17420.251247500826,1158620910.47128,2023.0,2023.0,2023,750.0,88.68,2023.0,83.8255,2022.0,72.981,2023.0,18.1099224934409,2022.0,63.8266666666667,2023.0,27.32
DNK,デンマーク,Denmark,5948136.0,407091920305.404,71375.79200180207,424552917934.431,2023.0,2023.0,2023,42920.0,138.58657968313142,2024.0,99.7692,2022.0,81.3048780487805,2023.0,15.8669526161681,2022.0,15.758,2023.0,9.59
DOM,ドミニカ共和国,Dominican Republic,11331265.0,121444279313.931,23087.93436268616,261615502566.203,2023.0,2023.0,2023,146839.463,77.16770933710103,2023.0,84.6161,2022.0,74.17,2023.0,26.9140017944156,2022.0,44.8209283285911,2023.0,25.23
DZA,アルジェリア,Algeria,46164219.0,247626161016.414,15159.32423719394,699818363977.829,2023.0,2023.0,2023,2381741.0,19.382552091096382,2023.0,76.9081,2022.0,77.129,2023.0,30.6393475431697,2022.0,0.826332963995665,2023.0,23.96
ECU,エクアドル,Ecuador,17980083.0,118844826000.0,14472.316505389492,260213451969.173,2023.0,2023.0,2023,256370.0,70.13333463353746,2024.0,77.1727,2022.0,77.894,2023.0,25.0046899116094,2022.0,49.8038734095668,2023.0,22.33
EGY,エジプト,Egypt,114535772.0,396002496996.96,16691.133237337417,1911731830893.3,2023.0,2023.0,2023,1001450.0,114.36993559338958,2023.0,72.6899,2022.0,70.159,2023.0,32.4351191889426,2022.0,0.0451855944547692,2023.0,23.95
ERI,エリトリア,Eritrea,3470390.0,2065001626.01626,0.0,0.0,2011.0,0.0,2023,121630.327,28.53227550724253,2023.0,20.0104,2022.0,66.604,2023.0,38.6774308762748,2022.0,8.66600145311298,2023.0,26.88
ESH,西サハラ,Western Sahara,579729.0,0.0,0.0,0.0,0.0,0.0,2023,0.0,0.0,0.0,0.0,0.0,0.0,0.0,0.0,0.0,0.0,0.0,0.0
ESP,スペイン,Spain,47911579.0,1620090734956.89,47729.15907430604,2286779375592.18,2023.0,2023.0,2023,505978.281,94.69097943356188,2023.0,95.4456,2022.0,83.0829268292683,2023.0,13.2586507610337,2022.0,37.1827922798055,2023.0,15.15
EST,エストニア,Estonia,1367196.0,41291245222.1948,41763.0133197633,57098224758.7271,2023.0,2023.0,2023,45340.0,30.154300838112043,2023.0,93.1834,2022.0,77.9439024390244,2023.0,15.9683030084933,2022.0,57.0652937046572,2023.0,6.94
ETH,エチオピア,Ethiopia,128691692.0,163697927593.982,2755.457095778079,354604435889.087,2023.0,2023.0,2023,1136239.7,113.26104166224786,2021.0,16.6981,2022.0,65.645,2023.0,39.3656371384098,2022.0,14.9946206327752,2023.0,23.75
FIN,フィンランド,Finland,5601185.0,295532341254.907,56280.74348700927,315238856208.284,2023.0,2023.0,2023,338470.0,16.548541968268975,2023.0,93.5139,2022.0,81.1878048780488,2023.0,14.9350079550124,2022.0,73.7264996576714,2023.0,2.87
FJI,フィジー,Fiji,924145.0,5442046565.04719,13652.490867246375,12616881172.5114,2023.0,2023.0,2023,18270.0,50.58264915161467,2023.0,79.3485,2022.0,68.312,2023.0,27.3852980942936,2022.0,63.1297208538588,2023.0,25.2
FLK,フォークランド（マルビナス）諸島,Falkland Islands (Malvinas),3477.0,0.0,0.0,0.0,0.0,0.0,2023,0.0,0.0,2016.0,99.0152,0.0,0.0,0.0,0.0,0.0,0.0,0.0,0.0
FRA,フランス,France,66438822.0,3051831611384.76,55470.72991959596,3685409951338.11,2023.0,2023.0,2023,549087.37,120.9986345160334,2023.0,86.8364,2022.0,82.2292682926829,2023.0,16.7847783333666,2022.0,31.8136741928238,2023.0,13.01
FRO,フェロー諸島,Faroe Islands,54714.0,3907323961.33964,70074.97755629985,3834082322.01539,2023.0,2023.0,2023,12960.0,4.221759259259259,2017.0,97.582,2022.0,83.3,2023.0,20.1568168733494,2022.0,0.0583941605839416,2023.0,6.78
FSM,ミクロネシア連邦,"Micronesia, Federated States of",112630.0,460000000.0,3886.696570983663,437758634.78989,2023.0,2023.0,2023,700.0,160.9,2020.0,39.3833,2022.0,70.925,2023.0,32.1293965666494,2022.0,92.1142857142857,2023.0,27.68
GAB,ガボン,Gabon,2484789.0,19388402541.6698,18702.690517798448,46472239669.0299,2023.0,2023.0,2023,267670.0,9.283031344566073,2023.0,71.9256,2022.0,65.694,2023.0,36.6621947904218,2022.0,91.228470524314,2023.0,25.14
GBR,イギリス,United Kingdom,68682962.0,3380854520809.54,52334.03801164443,3594456744060.33,2023.0,2023.0,2023,243610.0,281.9381880875169,2023.0,96.2988,2022.0,82.0585365853659,2023.0,17.4091420415944,2022.0,13.2554871243748,2023.0,10.14
GEO,ジョージア,Georgia,3807492.0,30777833585.4441,22044.62354148208,83934727777.2047,2023.0,2023.0,2023,69700.0,54.62685796269727,2023.0,81.8843,2022.0,71.587,2023.0,21.0408058638075,2022.0,40.6159159591308,2023.0,10.35
GGY,ガーンジー,Guernsey,64016.99999999999,0.0,0.0,0.0,0.0,0.0,2023,0.0,0.0,0.0,0.0,0.0,0.0,0.0,0.0,0.0,0.0,2023.0,13.02
GHA,ガーナ,Ghana,33787914.0,76370396722.154,6796.473619238199,229638666150.089,2023.0,2023.0,2023,238533.0,141.6488033102338,2023.0,69.9445,2022.0,63.945,2023.0,36.1789188879787,2022.0,35.1604431005612,2023.0,28.26
GIB,ジブラルタル,Gibraltar,38471.0,0.0,0.0,0.0,0.0,0.0,2023,10.0,3847.1,2016.0,94.4445,2022.0,82.83,2023.0,17.7928542649563,0.0,0.0,2023.0,19.28
GIN,ギニア,Guinea,14405468.0,22199409741.2578,3949.3401351082375,56892092937.4174,2023.0,2023.0,2023,245860.0,58.59215813877817,2023.0,26.5014,2022.0,58.985,2023.0,41.2429398336798,2022.0,24.8616311248576,2023.0,26.6
GLP,グアドループ,Guadeloupe,376517.0,0.0,0.0,0.0,0.0,0.0,2023,0.0,0.0,2009.0,23.4214,0.0,0.0,0.0,0.0,0.0,0.0,2023.0,25.98
GMB,ガンビア,Gambia,2697845.0,2396111021.64149,2932.280595179149,7910838542.30109,2023.0,2023.0,2023,11300.0,238.74734513274336,2023.0,45.9137,2022.0,62.906,2023.0,40.7308535644461,2022.0,22.8459584980237,2023.0,29.16
GNB,ギニアビサウ,Guinea-Bissau,2153339.0,2048348108.35852,2578.8045342711343,5553040377.02287,2023.0,2023.0,2023,36130.0,59.59975089952948,2023.0,32.4661,2022.0,59.861,2023.0,39.2423580309464,2022.0,69.8125889046942,2023.0,28.7
GNQ,赤道ギニア,Equatorial Guinea,1847549.0,12337550583.754,15688.23841926585,28984789203.2762,2023.0,2023.0,2023,28050.0,65.86627450980392,2023.0,60.3661,2022.0,61.19,2023.0,37.484337357223,2022.0,86.6916221033868,2023.0,24.7
GRC,ギリシャ,Greece,10242908.0,243498333237.802,37406.07854083743,383147021134.572,2023.0,2023.0,2023,131960.0,77.62130948772355,2023.0,85.0102,2022.0,80.6365853658537,2023.0,13.5868147216194,2022.0,30.2699767261443,2023.0,15.71
GRD,グレナダ,Grenada,117081.0,1316733333.33333,16946.47315615403,1984110023.59567,2023.0,2023.0,2023,340.0,344.3558823529412,2023.0,74.1201,2022.0,75.335,2023.0,19.8460894594341,2022.0,52.0588235294118,2023.0,26.78
GRL,グリーンランド,Greenland,55922.0,3235809504.29871,68976.4712527204,3857302225.39463,2021.0,2021.0,2023,410450.0,0.1362455841149957,2017.0,69.4825,2022.0,71.5404878048781,2023.0,20.8028968661988,2022.0,0.0005359970763795,2023.0,-18.47
GTM,グアテマラ,Guatemala,18124838.0,104450210572.012,12389.385871782028,224555611845.538,2023.0,2023.0,2023,108890.0,166.45089539902654,2023.0,56.0535,2022.0,68.674,2023.0,32.1377474418736,2022.0,32.7043673012318,2023.0,24.35
GUF,フランス領ギアナ,French Guiana,303402.0,0.0,0.0,0.0,0.0,0.0,2023,0.0,0.0,2009.0,25.7034,0.0,0.0,0.0,0.0,0.0,0.0,2023.0,26.83
GUM,グアム,Guam,166506.0,6910000000.0,0.0,0.0,2022.0,0.0,2023,540.0,308.34444444444443,2017.0,80.5055,2022.0,78.33,2023.0,26.0200052250212,2022.0,51.8518518518518,2023.0,27.67
GUY,ガイアナ,Guyana,826353.0,17159509565.4676,49315.160310775056,40751730668.2899,2023.0,2023.0,2023,214970.0,3.844038703074848,2023.0,81.7221,2022.0,65.989,2023.0,29.3232432144616,2022.0,93.4565969011938,2023.0,26.67
HKG,香港,Hong Kong,7442734.0,380812234827.832,65276.294584152005,485834097095.484,2023.0,2023.0,2023,1110.0,6705.165765765766,2023.0,95.9778,2022.0,83.6609756097561,2023.0,10.6990246662702,0.0,0.0,2023.0,24.09
HND,ホンジュラス,Honduras,10644851.0,34400509852.0436,6468.3019206832005,68854110168.6865,2023.0,2023.0,2023,112490.0,94.62930927193528,2023.0,58.2789,2022.0,70.728,2023.0,30.9961501574799,2022.0,56.4604522298686,2023.0,25.39
HRV,クロアチア,Croatia,3896023.0,84393795502.4421,40716.92308837192,158634068841.528,2023.0,2023.0,2023,88070.0,44.2377994776882,2023.0,83.2412,2022.0,77.5756097560976,2023.0,14.1385569157886,2022.0,34.7410650464618,2023.0,13.46
HTI,ハイチ,Haiti,11637398.0,19850829757.5418,2956.462137016591,34405526560.3926,2023.0,2023.0,2023,27750.0,419.3656936936937,2019.0,39.262,2022.0,63.728,2023.0,31.5721980303416,2022.0,12.3759071117562,2023.0,25.59
HUN,ハンガリー,Hungary,9686463.0,212388906458.724,39777.042982947336,385298855103.729,2023.0,2023.0,2023,93030.0,104.12192841019026,2024.0,91.4501,2022.0,76.0170731707317,2023.0,14.485456947213,2022.0,22.4643754109139,2023.0,13.09
IDN,インドネシア,Indonesia,281190067.0,1371171152331.16,13889.882882566295,3905697098370.97,2023.0,2023.0,2023,1916906.77,146.68948506035065,2023.0,69.2084,2022.0,68.25,2023.0,24.9346390051087,2022.0,48.0419900717626,2023.0,26.17
IMN,マン島,Isle of Man,84165.0,7931193222.06405,0.0,0.0,2021.0,0.0,2023,570.0,147.6578947368421,0.0,0.0,2022.0,80.762,2023.0,14.5231716083193,2022.0,6.07017543859649,2023.0,10.52
IND,インド,India,1438069596.0,3567551674623.01,9160.063653708872,13172809037823.4,2023.0,2023.0,2023,3287260.0,437.4675553500484,2022.0,55.9,2022.0,67.744,2023.0,25.0570622244071,2022.0,24.4494297370837,2023.0,25.02
IRL,アイルランド,Ireland,5196630.0,551394889339.778,117865.42673871164,612503012553.191,2023.0,2023.0,2023,70280.0,73.94180421172453,2023.0,96.4974,2022.0,83.0560975609756,2023.0,19.0170360406648,2022.0,11.4678472927856,2023.0,10.66
IRN,イラン,"Iran, Islamic Republic of",90608707.0,404625655204.619,15912.029918419432,1441768456653.3,2023.0,2023.0,2023,1745150.0,51.92029739563935,2023.0,79.6309,2022.0,74.556,2023.0,22.838783032187,2022.0,6.64148949152542,2023.0,19.62
IRQ,イラク,Iraq,45074049.0,250842782139.464,12711.061674674465,572939016766.299,2023.0,2023.0,2023,435050.0,103.60659464429376,2023.0,81.7291,2022.0,71.336,2023.0,37.0913959826418,2022.0,1.90036118379833,2023.0,24.05
ISL,アイスランド,Iceland,387558.0,31325116556.3807,67879.4064539029,26307207006.4617,2023.0,2023.0,2023,103000.0,3.7626990291262135,2023.0,99.8301,2022.0,82.1707317073171,2023.0,18.0560303954897,2022.0,0.522265198849549,2023.0,1.77
ISR,イスラエル,Israel,9256314.0,513611100815.691,50969.64373302677,471791026861.028,2023.0,2023.0,2023,22070.0,419.4070684186679,2023.0,87.0384,2022.0,82.7,2023.0,27.6146152777445,2021.0,6.46950092421442,2023.0,20.96
ITA,イタリア,Italy,59499453.0,2300941152991.81,52141.48044915001,3102389565334.62,2023.0,2023.0,2023,302070.0,196.9724004369848,2023.0,87.0278,2022.0,82.9,2023.0,12.1444351765721,2022.0,32.7125321249831,2023.0,14.38
JAM,ジャマイカ,Jamaica,2839786.0,19423355409.2316,10291.312670147927,29225125642.3087,2023.0,2023.0,2023,10990.0,258.3972702456779,2023.0,83.3883,2022.0,70.629,2023.0,19.1341178525424,2022.0,55.8320498614958,2023.0,26.65
JEY,ジャージー,Jersey,103674.0,0.0,0.0,0.0,0.0,0.0,2023,0.0,0.0,0.0,0.0,0.0,0.0,0.0,0.0,0.0,0.0,2023.0,13.7
JOR,ヨルダン,Jordan,11439213.0,50967475352.1127,9362.587760564209,107100635624.287,2023.0,2023.0,2023,89318.0,128.07287444859938,2023.0,92.5344,2022.0,74.215,2023.0,31.2262289710739,2022.0,1.09804716534901,2023.0,20.4
JPN,日本,Japan,124370947.0,4204494802431.55,46002.50588712161,5721375221554.39,2023.0,2023.0,2023,377969.27,329.0504198926013,2023.0,86.9815,2022.0,83.9963414634146,2023.0,11.6492906162775,2022.0,68.4087791495199,2023.0,12.99
KAZ,カザフスタン,Kazakhstan,20330104.0,262641892078.524,34703.23492866038,705520375236.098,2023.0,2023.0,2023,2724902.0,7.460856940910168,2023.0,92.8785,2022.0,74.44,2023.0,29.5390864699954,2022.0,1.3013145534689,2023.0,8.91
KEN,ケニア,Kenya,55339003.0,108038588970.595,5682.989162486773,314490954311.823,2023.0,2023.0,2023,580370.0,95.35124661853644,2023.0,35.0,2022.0,62.055,2023.0,37.4471305296838,2022.0,6.34481849808483,2023.0,25.54
KGZ,キルギス,Kyrgyzstan,7073516.0,13987627908.8381,6426.890833023055,45460715137.6419,2023.0,2023.0,2023,199950.0,35.376424106026505,2023.0,88.4701,2022.0,72.0487804878049,2023.0,32.6716750673693,2022.0,7.04827945776851,2023.0,4.28
KHM,カンボジア,Cambodia,17423880.0,42335646895.7984,6690.589425857904,116576027285.417,2023.0,2023.0,2023,181040.0,96.2432611577552,2023.0,60.7171,2022.0,69.896,2023.0,30.1105571746776,2022.0,43.9439723544074,2023.0,27.95
KIR,キリバス,Kiribati,132530.0,279208903.337644,3195.8703984741496,423548703.909779,2023.0,2023.0,2023,810.0,163.6172839506173,2023.0,88.0,2022.0,67.661,2023.0,34.9289408853056,2022.0,1.45679012345679,2023.0,27.78
KNA,セントクリストファー・ネイビス,Saint Kitts and Nevis,46758.0,1055499777.77778,30409.40410941293,1421882917.34793,2023.0,2023.0,2023,260.0,179.83846153846153,2023.0,76.4208,2022.0,72.027,2023.0,18.3348304033534,2022.0,42.3076923076923,2023.0,28.14
KOR,大韓民国,"Korea, Republic of",51748739.0,1712792854202.37,49960.59147607538,2585397608581.05,2023.0,2023.0,2023,100440.0,515.2204201513341,2023.0,97.416,2022.0,82.6804878048781,2023.0,10.970817085997,2022.0,64.2110655737705,2023.0,13.32
KWT,クウェート,Kuwait,4838782.0,163704878875.85,46598.74311785672,225481159421.309,2023.0,2023.0,2023,17820.0,271.5365881032548,2023.0,99.7473,2022.0,80.264,2023.0,18.6028445384442,2022.0,0.350729517396184,2023.0,27.52
LAO,ラオス,Lao People's Democratic Republic,7664993.0,15843155731.2552,8372.155918744062,64172516512.0818,2023.0,2023.0,2023,236800.0,32.36905827702703,2023.0,63.6255,2022.0,68.999,2023.0,30.557668516962,2022.0,71.6052859618717,2023.0,24.91
LBN,レバノン,Lebanon,5773493.0,20992421948.8081,11417.105469899176,65916578510.7246,2022.0,2022.0,2023,10450.0,552.4873684210527,2023.0,83.4933,2022.0,74.416,2023.0,26.7158310156288,2022.0,14.128054740958,2023.0,16.28
LBR,リベリア,Liberia,5493031.0,4240000000.0,1616.9237335669527,8881812193.11901,2023.0,2023.0,2023,111370.0,49.32235790607884,2023.0,23.4979,2022.0,61.1,2023.0,39.9967704533253,2022.0,78.4563953488372,2023.0,25.87
LBY,リビア,Libya,7305659.0,45096462972.4014,12478.143462359576,91161061089.0784,2023.0,2023.0,2023,1759540.0,4.1520278027211655,2023.0,88.4989,2022.0,72.151,2023.0,27.9611873480544,2022.0,0.123327687918433,2023.0,22.91
LCA,セントルシア,Saint Lucia,179285.0,2430148148.14815,23403.461766183675,4195889642.75024,2023.0,2023.0,2023,620.0,289.1693548387097,2023.0,70.0834,2022.0,71.294,2023.0,17.8702007145068,2022.0,34.0491803278688,2023.0,27.46
LIE,リヒテンシュタイン,Liechtenstein,39598.0,7361504432.19331,0.0,0.0,2022.0,0.0,2023,160.0,247.4875,2023.0,97.3444,2022.0,84.319512195122,2023.0,14.3466841759685,2022.0,41.875,2023.0,9.12
LKA,スリランカ,Sri Lanka,22971617.0,84356863743.6335,12499.40824881135,287131619018.335,2023.0,2023.0,2023,65610.0,350.1237158969669,2023.0,51.2,2022.0,76.61,2023.0,22.3612730440352,2022.0,34.0559327513741,2023.0,27.41
LSO,レソト,Lesotho,2311472.0,2117962450.79469,2595.829523104532,6000187259.42948,2023.0,2023.0,2023,30360.0,76.13544137022397,2023.0,47.991,2022.0,53.036,2023.0,34.9236330788346,2022.0,1.13702239789196,2023.0,12.82
LTU,リトアニア,Lithuania,2854099.0,79789877416.1681,46400.64086088008,132432022680.397,2023.0,2023.0,2023,65286.0,43.71686119535582,2023.0,88.5029,2022.0,75.7926829268293,2023.0,14.8871500252794,2022.0,35.2036435371542,2023.0,8.62
LUX,ルクセンブルク,Luxembourg,665098.0,85755006123.5976,130634.57852051713,86884796904.8389,2023.0,2023.0,2023,2590.0,256.79459459459457,2024.0,98.7606,2022.0,83.0463414634146,2023.0,15.8199242818352,2022.0,34.4538272103664,2023.0,11.28
LVA,ラトビア,Latvia,1882396.0,42247850064.5125,38232.34911395243,71968421042.7076,2023.0,2023.0,2023,64590.0,29.143768385198943,2023.0,92.1879,2022.0,74.580487804878,2023.0,15.6920488568824,2022.0,54.933793990037,2023.0,7.85
MAC,マカオ,Macao,713912.0,45803067940.4072,99799.36406441352,71247963597.9536,2023.0,2023.0,2023,33.0,21633.696969696968,2023.0,89.1806,2022.0,85.377,2023.0,14.0945341264288,0.0,0.0,2023.0,23.85
MAF,サン・マルタン（フランス領）,Saint Martin (French part),27515.0,649206262.847519,0.0,0.0,2021.0,0.0,2023,50.0,550.3,0.0,0.0,2022.0,80.55,2023.0,21.1306765523633,2022.0,24.8,2023.0,28.35
MAR,モロッコ,Morocco,37712505.0,144417103249.646,9005.045120411387,339602809128.74,2023.0,2023.0,2023,446550.0,84.4530399731273,2023.0,91.0,2022.0,74.973,2023.0,26.0351984043489,2022.0,12.9136878781089,2023.0,19.04
MCO,モナコ,Monaco,38956.0,9995350547.12166,0.0,0.0,2023.0,0.0,2023,74.9,520.1068090787717,2023.0,99.1497,0.0,0.0,2023.0,13.1788019970993,0.0,0.0,2023.0,14.85
MDA,モルドバ,"Moldova, Republic of",3067070.0,16539436547.295,12705.553594762037,38968822263.8868,2023.0,2023.0,2023,33850.0,90.60768094534713,2023.0,80.2126,2022.0,68.621,2023.0,19.9922238488199,2022.0,11.7512921860748,2023.0,12.64
MDG,マダガスカル,Madagascar,31195932.0,15790113246.7478,1643.309347951374,51264566673.6554,2023.0,2023.0,2023,587295.0,53.11799351262994,2023.0,20.3671,2022.0,65.23,2023.0,39.5721333221887,2022.0,21.3189737023032,2023.0,23.08
MDV,モルディブ,Maldives,525994.0,6590894301.9579,22286.980170357077,11722817847.7268,2023.0,2023.0,2023,300.0,1753.3133333333333,2023.0,84.6851,2022.0,80.839,2023.0,20.0489929542923,2022.0,2.73333333333333,2023.0,28.18
MEX,メキシコ,Mexico,129739759.0,1789114434843.46,21874.01615437647,2837929584230.91,2023.0,2023.0,2023,1964375.0,66.04632974864779,2023.0,81.1832,2022.0,74.832,2023.0,24.9179721383635,2022.0,33.6616419660999,2023.0,22.22
MHL,マーシャル諸島,Marshall Islands,38827.0,259300000.0,6786.69569336006,263507033.686091,2023.0,2023.0,2023,180.0,215.70555555555555,2023.0,65.7177,2022.0,65.146,2023.0,34.705230896026,2022.0,52.2222222222222,2023.0,28.29
MKD,北マケドニア,North Macedonia,1831802.0,15763621848.115,23273.15060838732,42631803830.7451,2023.0,2023.0,2023,25710.0,71.24861921431349,2023.0,87.1819,2022.0,74.4248780487805,2023.0,17.0678427766327,2022.0,39.7101506740682,2023.0,12.26
MLI,マリ,Mali,23769127.0,20661794596.0873,2394.6721639692364,56919266788.7496,2023.0,2023.0,2023,1240190.0,19.16571412444868,2023.0,35.0921,2022.0,59.417,2023.0,46.4602013683506,2022.0,10.896663634352,2023.0,29.72
MLT,マルタ,Malta,532956.0,22328640241.5553,61759.36512287825,32915024198.4287,2023.0,2023.0,2023,320.0,1665.4875,2023.0,92.0727,2022.0,82.7,2023.0,13.1518361740932,2022.0,1.4375,2023.0,20.29
MMR,ミャンマー,Myanmar,54133798.0,66757619000.0,5364.1379703440725,290381161330.736,2023.0,2023.0,2023,676590.0,80.00975184380496,2023.0,58.5357,2022.0,67.256,2023.0,24.5157260581987,2022.0,42.846262276495,2023.0,24.44
MNE,モンテネグロ,Montenegro,633552.0,7530593375.22034,26592.953892738715,16848019124.6524,2023.0,2023.0,2023,13810.0,45.87632150615496,2023.0,89.8052,2022.0,76.1878048780488,2023.0,18.3327493244438,2022.0,61.4869888475836,2023.0,11.37
MNG,モンゴル,Mongolia,3431932.0,20325121393.9074,16455.49548063362,56474141515.8419,2023.0,2023.0,2023,1564115.75,2.194167535235164,2023.0,83.0162,2022.0,72.667,2023.0,32.6374717451465,2022.0,9.09823321482806,2023.0,1.82
MNP,北マリアナ諸島,Northern Mariana Islands,45143.0,1096000000.0,0.0,0.0,2022.0,0.0,2023,460.0,98.13695652173914,0.0,0.0,0.0,0.0,2023.0,22.5860044746694,2022.0,52.9565217391304,2023.0,27.35
MOZ,モザンビーク,Mozambique,33635160.0,20954220983.5473,1511.6365347499222,50844136708.1592,2023.0,2023.0,2023,799380.0,42.07655933348345,2023.0,19.8434,2022.0,59.625,2023.0,44.7548651470663,2022.0,46.1193311121849,2023.0,24.79
MRT,モーリタニア,Mauritania,5022441.0,10651709411.4594,6258.710913291805,31434006298.0642,2023.0,2023.0,2023,1030700.0,4.872844668671776,2023.0,37.3809,2022.0,64.691,2023.0,43.0360811569433,2022.0,0.292896963228874,2023.0,29.37
MSR,モントセラト,Montserrat,4420.0,0.0,0.0,0.0,0.0,0.0,2023,0.0,0.0,2011.0,54.551,0.0,0.0,0.0,0.0,0.0,0.0,2023.0,26.39
MTQ,マルティニーク,Martinique,346002.0,0.0,0.0,0.0,0.0,0.0,2023,0.0,0.0,2009.0,42.0043,0.0,0.0,0.0,0.0,0.0,0.0,2023.0,26.82
MUS,モーリシャス,Mauritius,1273588.0,14644524819.0054,26328.463147022507,33531614722.4901,2023.0,2023.0,2023,2010.0,633.6258706467662,2023.0,79.5,2022.0,73.5146341463415,2023.0,15.1242395499958,2022.0,19.4541812719079,2023.0,24.07
MWI,マラウイ,Malawi,21104482.0,12712150082.0792,1648.4365179637907,34789398821.5095,2023.0,2023.0,2023,118480.0,178.12695813639434,2023.0,17.9881,2022.0,62.898,2023.0,41.3160806004127,2022.0,22.8860840050912,2023.0,22.92
MYS,マレーシア,Malaysia,35126298.0,399705169318.477,32812.29975253356,1152574619172.82,2023.0,2023.0,2023,330411.0,106.3109218518754,2023.0,97.6927,2022.0,76.26,2023.0,22.2879920337748,2022.0,57.871678587734,2023.0,26.77
MYT,マヨット,Mayotte,316015.0,0.0,0.0,0.0,0.0,0.0,2023,0.0,0.0,2000.0,1.21153,0.0,0.0,0.0,0.0,0.0,0.0,2023.0,25.5
NAM,ナミビア,Namibia,2963095.0,12351025066.9131,10105.514773243081,29943600297.0227,2023.0,2023.0,2023,824290.0,3.5947239442429244,2023.0,64.4061,2022.0,58.059,2023.0,37.2923244107934,2022.0,7.89136270330017,2023.0,20.52
NCL,ニューカレドニア,New Caledonia,289870.0,9623318718.31459,0.0,0.0,2022.0,0.0,2023,18580.0,15.60118406889128,2017.0,82.0058,2022.0,80.9820731707317,2023.0,21.5262385314771,2022.0,45.8326039387309,2023.0,22.69
NER,ニジェール,Niger,26159867.0,16819170420.5653,1703.3969325064727,44560637202.5773,2023.0,2023.0,2023,1267000.0,20.64709313338595,2023.0,23.1879,2022.0,62.08,2023.0,46.9657223410195,2022.0,0.83276229572906,2023.0,28.34
NGA,ナイジェリア,Nigeria,227882945.0,363846332834.618,5593.056614482316,1274562212859.96,2023.0,2023.0,2023,923770.0,246.68796886670924,2023.0,39.2136,2022.0,53.633,2023.0,41.4922288282697,2022.0,23.3871888621716,2023.0,27.73
NIC,ニカラグア,Nicaragua,6823613.0,17829218219.3591,7486.942762224982,51087999962.5743,2023.0,2023.0,2023,130370.0,52.34036204648309,2023.0,58.2314,2022.0,74.615,2023.0,29.2038763042394,2022.0,26.6538972910088,2023.0,26.51
NIU,ニウエ,Niue,1817.0,0.0,0.0,0.0,0.0,0.0,2023,0.0,0.0,2011.0,79.56,0.0,0.0,0.0,0.0,0.0,0.0,2023.0,25.17
NLD,オランダ,Netherlands,18092524.0,1154361305398.06,69769.4958753129,1262306278592.0,2023.0,2023.0,2023,41540.0,435.54463168030816,2023.0,97.0068,2022.0,81.7146341463415,2023.0,15.1712741911722,2022.0,11.0296673596674,2023.0,11.68
NOR,ノルウェー,Norway,5519167.0,485310823603.662,90167.13289977582,497647464385.057,2023.0,2023.0,2023,624500.0,8.83773738991193,2023.0,99.0,2022.0,82.5609756097561,2023.0,16.5067663290493,2022.0,33.4795618634529,2023.0,2.28
NPL,ネパール,Nepal,29694614.0,40908073366.8455,4859.800104367344,144309888216.348,2023.0,2023.0,2023,147180.0,201.7571273270825,2023.0,55.7716,2022.0,70.484,2023.0,28.7136275165317,2022.0,41.5907220090687,2023.0,14.07
NRU,ナウル,Nauru,11875.0,154170289.321861,12462.841288471664,147996240.300601,2023.0,2023.0,2023,20.0,593.75,2020.0,81.6554,2022.0,64.014,2023.0,38.1810526315789,0.0,0.0,2023.0,27.89
NZL,ニュージーランド,New Zealand,5172836.0,252175506110.168,49052.24583953,253739223159.571,2023.0,2023.0,2023,267710.0,19.32253557954503,2023.0,96.1638,2022.0,82.7609756097561,2023.0,18.374736798151,2022.0,37.719363487904,2023.0,11.21
OMN,オマーン,Oman,5049269.0,108810923276.983,38311.41834133376,193444656976.928,2023.0,2023.0,2023,309500.0,16.314277867528272,2024.0,95.2517,2022.0,73.935,2023.0,25.2277705941197,2022.0,0.0077903069466882,2023.0,28.23
PAK,パキスタン,Pakistan,247504495.0,337912301397.727,5439.187620066778,1346223385114.88,2023.0,2023.0,2023,796100.0,310.89623790981034,2023.0,27.3759,2022.0,66.431,2023.0,37.0380613955353,2022.0,4.72605334163553,2023.0,21.91
PAN,パナマ,Panama,4458759.0,83318176900.0,35863.8801488311,159908398388.522,2023.0,2023.0,2023,75320.0,59.19754381306426,2023.0,77.9502,2022.0,76.826,2023.0,25.2761698939099,2022.0,56.4978579131842,2023.0,26.05
PER,ペルー,Peru,33845617.0,267603248655.253,15294.256781120139,517643557313.445,2023.0,2023.0,2023,1285220.0,26.33449292728093,2023.0,79.4848,2022.0,73.385,2023.0,24.3581613536547,2022.0,56.238047734375,2023.0,20.95
PHL,フィリピン,Philippines,114891199.0,437146372729.942,9901.056523956897,1137544255404.18,2023.0,2023.0,2023,300000.0,382.9706633333333,2023.0,83.7661,2022.0,72.187,2023.0,28.6075480855588,2022.0,24.3430593285709,2023.0,26.91
PLW,パラオ,Palau,17727.0,281849062.5,15796.540274345913,280025269.44333,2023.0,2023.0,2023,460.0,38.53695652173913,2004.0,26.9703,2005.0,69.1292682926829,2023.0,18.5418135664927,2022.0,90.3695652173913,2023.0,27.26
PNG,パプアニューギニア,Papua New Guinea,10389635.0,30729242919.4411,4174.441640165867,43370924970.1247,2023.0,2023.0,2023,462840.0,22.44757367556824,2023.0,24.0667,2022.0,65.958,2023.0,33.8042289262327,2022.0,79.0281764783818,2023.0,24.77
POL,ポーランド,Poland,38762844.0,809200697797.088,41251.42783232753,1599022661841.77,2023.0,2023.0,2023,312720.0,123.95383729854184,2023.0,86.4147,2022.0,77.3048780487805,2023.0,15.0967665723491,2022.0,31.0594923061845,2023.0,10.24
PRI,プエルトリコ,Puerto Rico,3242023.0,117902300000.0,42512.96100448824,137827997374.654,2023.0,2023.0,2023,8870.0,365.5042841037204,2022.0,87.2918,2022.0,79.72,2023.0,12.0048827545151,2022.0,56.0665163472379,2023.0,25.52
PRK,朝鮮民主主義人民共和国,"Korea, Democratic People's Republic of",26418204.0,0.0,0.0,0.0,0.0,0.0,2023,120540.0,219.16545545047288,2012.0,0.0,2022.0,73.578,2023.0,18.980618440224,2022.0,49.7270160285691,2023.0,8.1
PRT,ポルトガル,Portugal,10430738.0,289114289663.542,42084.93650026144,438976946380.864,2023.0,2023.0,2023,92230.0,113.09484983194189,2023.0,85.7901,2022.0,81.5804878048781,2023.0,12.8936466432193,2022.0,36.154994891142,2023.0,17.05
PRY,パラグアイ,Paraguay,6844146.0,42956263543.9482,15783.115012074553,108021943477.43,2023.0,2023.0,2023,406752.0,16.82633644087798,2023.0,78.0948,2022.0,70.475,2023.0,28.7810049639502,2022.0,39.2502935554672,2023.0,25.06
PSE,パレスチナ,"Palestine, State of",5409202.0,17420800000.0,5073.995816649868,27446268319.4141,2023.0,2023.0,2023,6025.0,897.7928630705394,2023.0,86.6377,2022.0,73.444,2023.0,38.3702289515375,2021.0,1.68298755186722,2023.0,20.4
PYF,フランス領ポリネシア,French Polynesia,281118.0,5814661208.90544,0.0,0.0,2022.0,0.0,2023,3471.0,80.99049265341401,2017.0,72.7039,2022.0,83.55,2023.0,19.7333153100917,2022.0,43.0596369922213,2023.0,24.71
QAT,カタール,Qatar,2979082.0,213002809330.267,103562.90955754691,308522399730.516,2023.0,2023.0,2023,11490.0,259.2760661444735,2023.0,99.6528,2022.0,81.559,2023.0,15.1605930954569,0.0,0.0,2023.0,29.07
REU,レユニオン,Réunion,874883.0,0.0,0.0,0.0,0.0,0.0,2023,0.0,0.0,2009.0,36.2792,0.0,0.0,0.0,0.0,0.0,0.0,2023.0,20.36
ROU,ルーマニア,Romania,19118479.0,350775856415.189,40143.040893668105,767473884321.735,2023.0,2023.0,2023,238400.0,80.19496224832214,2023.0,89.2034,2022.0,75.3048780487805,2023.0,15.8764699816463,2022.0,30.1158292767733,2023.0,11.89
RUS,ロシア,Russian Federation,145440500.0,2021421476035.42,39988.14259215604,5815895452674.47,2023.0,2023.0,2023,17098250.0,8.506162911409062,2023.0,92.245,2022.0,72.5456097560976,2023.0,17.5149816677095,2022.0,49.7843360788722,2023.0,-2.82
RWA,ルワンダ,Rwanda,13954471.0,14097768472.1883,3060.028931267312,42701084980.5307,2023.0,2023.0,2023,26340.0,529.7824981017463,2023.0,34.2005,2022.0,67.129,2023.0,37.7313644590553,2022.0,11.2687474665586,2023.0,19.5
SAU,サウジアラビア,Saudi Arabia,33264292.0,1067582933333.33,55055.399682356976,1831378891210.63,2023.0,2023.0,2023,2149690.0,15.473994855072126,2023.0,100.0,2022.0,77.905,2023.0,24.0974420859461,2022.0,0.454484134921779,2023.0,26.52
SDN,スーダン,Sudan,50042791.0,109265503110.904,2469.194540490957,123565386328.13,2023.0,2023.0,2023,1878000.0,26.646853567625133,2020.0,26.4383,2022.0,65.578,2023.0,40.6494318097629,2022.0,9.64412740899358,2023.0,27.8
SEN,セネガル,Senegal,18077573.0,30848333083.7055,4317.226391595299,78044975251.5906,2023.0,2023.0,2023,196710.0,91.89961364445122,2023.0,60.6122,2022.0,67.913,2023.0,38.6295981592884,2022.0,41.4904690178154,2023.0,29.69
SGP,シンガポール,Singapore,5789090.0,501427500080.059,130375.90738643086,754757861691.713,2023.0,2023.0,2023,728.0,7952.046703296703,2023.0,94.2852,2022.0,82.8951219512195,2023.0,11.787475387969,2022.0,21.1838440111421,2023.0,28.1
SHN,セントヘレナ・アセンションおよびトリスタンダクーニャ,"Saint Helena, Ascension and Tristan da Cunha",5289.0,0.0,0.0,0.0,0.0,0.0,2023,0.0,0.0,2012.0,37.6,0.0,0.0,0.0,0.0,0.0,0.0,2023.0,18.37
SLB,ソロモン諸島,Solomon Islands,800005.0,1633319401.19414,2534.0275633836163,2027234720.84471,2023.0,2023.0,2023,28900.0,27.6818339100346,2023.0,42.4597,2022.0,70.742,2023.0,37.3630556289925,2022.0,90.0861021793498,2023.0,25.89
SLE,シエラレオネ,Sierra Leone,8460512.0,6411869546.28929,3034.218943202787,25671045779.5945,2023.0,2023.0,2023,72300.0,117.01952973720608,2023.0,20.635,2022.0,60.411,2023.0,38.5317106104217,2022.0,34.5721806594625,2023.0,27.22
SLV,エルサルバドル,El Salvador,6309624.0,34015620000.0,11404.33422626854,71957060938.0854,2023.0,2023.0,2023,21040.0,299.887072243346,2023.0,67.6558,2022.0,71.475,2023.0,25.2103928855349,2022.0,27.7451737451737,2023.0,25.85
SMR,サンマリノ,San Marino,33733.0,1831700577.08904,70933.80538310409,2392810056.98825,2022.0,2022.0,2023,60.0,562.2166666666667,2023.0,87.0278,0.0,0.0,2023.0,12.6954717260802,2022.0,16.6666666666667,2023.0,13.94
SOM,ソマリア,Somalia,18358615.0,10968517090.0004,1402.469920624633,25747405321.8282,2023.0,2023.0,2023,637660.0,28.79060157450679,2022.0,27.6,2022.0,56.107,2023.0,46.6787118745069,2022.0,9.28762712404757,2023.0,27.1
SPM,サンピエール島・ミクロン島,Saint Pierre and Miquelon,5681.0,0.0,0.0,0.0,0.0,0.0,2023,0.0,0.0,0.0,0.0,0.0,0.0,0.0,0.0,0.0,0.0,2023.0,5.77
SRB,セルビア,Serbia,6773201.0,81342660752.3732,25148.79865556316,170337868202.659,2023.0,2023.0,2023,84990.0,79.69409342275561,2023.0,85.3575,2022.0,75.4821951219512,2023.0,14.3502902099022,2022.0,32.3858163872042,2023.0,13.02
SSD,南スーダン,South Sudan,11483374.0,11997800760.2242,0.0,0.0,2015.0,0.0,2023,646883.0,17.751856208928043,2020.0,9.27123,2022.0,55.567,2023.0,39.8515366650951,2022.0,11.3256215087114,2023.0,28.1
STP,サントメ・プリンシペ,Sao Tome and Principe,230871.0,678976264.835436,5541.30167605351,1279325859.25215,2023.0,2023.0,2023,960.0,240.490625,2023.0,61.4607,2022.0,68.794,2023.0,38.2803854091995,2022.0,52.7708333333333,2023.0,24.66
SUR,スリナム,Suriname,628886.0,3455146280.83975,19043.705286928474,11976319643.0753,2023.0,2023.0,2023,163820.0,3.838884141130509,2023.0,78.3958,2022.0,70.289,2023.0,25.9463559373241,2022.0,94.5238739770656,2023.0,27.13
SVK,スロバキア,Slovakia,5518055.0,132908336234.295,38523.55216105693,212575079620.081,2023.0,2023.0,2023,49030.0,112.54446257393433,2024.0,89.8251,2022.0,77.0658536585366,2023.0,15.9071734431039,2022.0,40.05615640599,2023.0,10.51
SVN,スロベニア,Slovenia,2118396.0,69148468417.3208,47871.84983615009,101411535205.501,2023.0,2023.0,2023,20480.0,103.4373046875,2023.0,90.3779,2022.0,81.2829268292683,2023.0,14.9298337043688,2022.0,61.2701922885918,2023.0,11.31
SWE,スウェーデン,Sweden,10551494.0,584960475767.32,62576.95198847974,660280333444.732,2023.0,2023.0,2023,528860.0,19.95139356351397,2023.0,95.7033,2022.0,83.109756097561,2023.0,17.2497847224289,2022.0,68.6996660773915,2023.0,3.38
SWZ,エスワティニ,Eswatini,1230506.0,4442875788.08505,10132.187261594905,12467717218.5161,2023.0,2023.0,2023,17360.0,70.88168202764977,2023.0,57.62,2022.0,56.36,2023.0,33.6689947062428,2022.0,29.0686046511628,2023.0,21.06
SXM,シント・マールテン（オランダ領）,Sint Maarten (Dutch part),42749.0,1627776949.27374,44894.69346428993,1919203250.90493,2023.0,2023.0,2023,34.0,1257.3235294117646,0.0,0.0,2022.0,74.409,2023.0,15.560597908723,2022.0,10.8823529411765,2023.0,28.35
SYC,セーシェル,Seychelles,127951.0,2141450171.13932,27585.44052904151,3529584701.13139,2023.0,2023.0,2023,460.0,278.15434782608696,2023.0,87.4009,2022.0,73.8487804878049,2023.0,20.139819695898,2022.0,73.2608695652174,2023.0,27.58
SYR,シリア,Syrian Arab Republic,23594623.0,23622827079.5047,4241.038105755367,100065695233.932,2022.0,2022.0,2023,185180.0,127.4145318068906,2019.0,34.65,2022.0,72.3,2023.0,30.3355281413058,2022.0,2.81931537110257,2023.0,19.75
TCA,タークス・カイコス諸島,Turks and Caicos Islands,46198.0,1402054390.94734,22305.659265374692,1030476846.74178,2023.0,2023.0,2023,950.0,48.62947368421053,0.0,0.0,2022.0,74.925,2023.0,16.2182345556085,2022.0,11.0736842105263,2023.0,27.08
TCD,チャド,Chad,19319064.0,13149325362.3347,1679.461532391197,32445624829.8036,2023.0,2023.0,2023,1284000.0,15.046,2023.0,13.1832,2022.0,52.997,2023.0,46.737173705724,2022.0,3.24924110546379,2023.0,27.49
TGO,トーゴ,Togo,9304337.0,9171261837.57103,2767.5165583442754,25749906711.9153,2023.0,2023.0,2023,56790.0,163.8375946469449,2023.0,37.0223,2022.0,61.588,2023.0,39.8825494023621,2022.0,22.1244714101857,2023.0,27.92
THA,タイ,Thailand,71702435.0,514968699239.005,21142.66433311616,1515980515072.08,2023.0,2023.0,2023,513120.0,139.7381411755535,2023.0,89.5353,2022.0,79.68,2023.0,15.0896793114488,2022.0,38.7578539411615,2023.0,27.51
TJK,タジキスタン,Tajikistan,10389799.0,12060602008.8478,4472.324137877701,46466548855.3976,2023.0,2023.0,2023,141379.0,73.48898351240283,2023.0,56.791,2022.0,71.288,2023.0,36.5062325318436,2022.0,3.06794437639599,2023.0,5.71
TKL,トケラウ,Tokelau,2397.0,0.0,0.0,0.0,0.0,0.0,2023,0.0,0.0,2003.0,1.49589,0.0,0.0,0.0,0.0,0.0,0.0,2023.0,28.81
TKM,トルクメニスタン,Turkmenistan,7364438.0,60628857142.8571,17866.40418091686,131576025873.303,2023.0,2023.0,2023,491209.0,14.992473672102914,2017.0,21.251,2022.0,69.41,2023.0,31.6704546905005,2022.0,8.78215904496414,2023.0,18.3
TLS,東ティモール,Timor-Leste,1384286.0,2079916900.0,4328.507820171943,5991892776.35454,2023.0,2023.0,2023,14870.0,93.0925353059852,2023.0,34.0207,2022.0,69.056,2023.0,34.2297762167645,2022.0,61.7552118359112,2023.0,24.81
TON,トンガ,Tonga,104597.0,518180042.241509,6931.101478663012,724972421.363715,2022.0,2022.0,2023,750.0,139.46266666666668,2023.0,58.5334,2022.0,71.27,2023.0,35.623700375248,2022.0,12.4305555555556,2023.0,25.12
TTO,トリニダード・トバゴ,Trinidad and Tobago,1502932.0,27372285697.9477,28848.97268145212,43358044210.0802,2023.0,2023.0,2023,5130.0,292.9692007797271,2023.0,84.6994,2022.0,74.708,2023.0,18.0270238350691,2022.0,44.317738791423,2023.0,27.15
TUN,チュニジア,Tunisia,12200431.0,48529595416.6533,12552.986690345611,153151847959.48,2023.0,2023.0,2023,163610.0,74.5702035327914,2023.0,72.3542,2022.0,74.263,2023.0,24.4349031603884,2022.0,4.54293254376931,2023.0,21.21
TUR,トルコ,Türkiye,87270501.0,1118252964260.77,33488.39525238625,2922549031361.77,2023.0,2023.0,2023,785350.0,111.12306742216846,2024.0,87.3079,2022.0,78.475,2023.0,21.8397289718795,2022.0,29.2768733027559,2023.0,12.92
TUV,ツバル,Tuvalu,9816.0,62280311.5852172,5812.393289775122,57054452.5324326,2023.0,2023.0,2023,30.0,327.2,2023.0,74.3146,2022.0,64.854,2023.0,32.6014976312974,2022.0,33.3333333333333,2023.0,28.55
TWN,台湾（中華民国）,"Taiwan, Province of China",23317145.0,0.0,0.0,0.0,0.0,0.0,2023,0.0,0.0,2023.0,93.1448,0.0,0.0,0.0,0.0,0.0,0.0,2023.0,20.91
TZA,タンザニア,"Tanzania, United Republic of",66617606.0,79062403820.892,3509.373897597386,233786087616.827,2023.0,2023.0,2023,947300.0,70.32366304233084,2023.0,29.0638,2022.0,66.782,2023.0,42.7238946208612,2022.0,50.5836531948521,2023.0,23.22
UGA,ウガンダ,Uganda,48656601.0,48768955863.3175,2791.055768858618,135803286914.102,2023.0,2023.0,2023,241550.0,201.4349037466363,2023.0,15.2524,2022.0,63.638,2023.0,43.938060491134,2022.0,11.2477114502294,2023.0,23.53
UKR,ウクライナ,Ukraine,37732836.0,178757021965.008,14844.122403411473,560110836211.851,2023.0,2023.0,2023,603550.0,62.518160881451415,2023.0,82.3755,2022.0,68.5879268292683,2023.0,14.2955371058716,2022.0,16.7449085260614,2023.0,10.87
URY,ウルグアイ,Uruguay,3388081.0,77240830877.4597,31019.311391209652,105095939557.641,2023.0,2023.0,2023,176220.0,19.226427193281125,2023.0,89.896,2022.0,78.0,2023.0,18.6854031360825,2022.0,11.8443606444978,2023.0,18.92
USA,アメリカ合衆国,United States,343477335.0,27720709000000.0,72718.38699952705,24977117772096.2,2023.0,2023.0,2023,9831510.0,34.93637650777958,2023.0,93.1444,2022.0,77.4341463414634,2023.0,17.5946376490897,2022.0,33.8669264120375,2023.0,10.25
UZB,ウズベキスタン,Uzbekistan,35652307.0,101591769702.343,10007.685502619845,356797075898.852,2023.0,2023.0,2023,448924.0,79.41724434425426,2023.0,89.0136,2022.0,71.674,2023.0,30.8710611630266,2022.0,8.49046413042492,2023.0,15.63
VAT,バチカン市国,Holy See (Vatican City State),496.0,0.0,0.0,0.0,0.0,0.0,2023,0.0,0.0,2023.0,87.0278,0.0,0.0,0.0,0.0,0.0,0.0,2023.0,17.23
VCT,セントビンセント・グレナディーン,Saint Vincent and the Grenadines,101323.0,1065962962.96296,18335.212081804428,1857778693.76467,2023.0,2023.0,2023,390.0,259.8025641025641,2023.0,75.9927,2022.0,68.972,2023.0,21.6467221002245,2022.0,73.1794871794872,2023.0,26.64
VEN,ベネズエラ・ボリバル共和国,"Venezuela, Bolivarian Republic of",28300854.0,482359318767.703,0.0,0.0,2014.0,0.0,2023,912050.0,31.02993695521079,2017.0,61.6,2022.0,71.105,2023.0,26.1537708367387,2022.0,52.2949719403662,2023.0,26.01
VGB,イギリス領ヴァージン諸島,"Virgin Islands, British",38985.0,0.0,0.0,0.0,0.0,0.0,2023,150.0,259.9,2017.0,77.7043,2022.0,76.373,2023.0,15.139156085674,2022.0,24.1333333333333,2023.0,27.25
VIR,アメリカ領ヴァージン諸島,"Virgin Islands, U.S.",85701.0,4672000000.0,57169.95619606575,4899522415.95903,2022.0,2022.0,2023,350.0,244.86,2017.0,64.3775,2022.0,80.319512195122,2023.0,16.5190604543704,2022.0,57.7428571428571,2023.0,27.54
VNM,ベトナム,Viet Nam,100352192.0,429716969043.572,13491.87941739698,1353939673735.47,2023.0,2023.0,2023,331340.0,302.86772499547294,2023.0,78.08,2022.0,74.58,2023.0,23.6058472126142,2022.0,47.203321964464,2023.0,25.46
VUT,バヌアツ,Vanuatu,320409.0,1126313359.21923,3118.3960325973303,999162154.408478,2023.0,2023.0,2023,12190.0,26.28457752255948,2023.0,45.7313,2022.0,70.492,2023.0,38.6133638776749,2022.0,36.2838392124692,2023.0,24.39
WLF,ウォリス・フツナ,Wallis and Futuna,11370.0,0.0,0.0,0.0,0.0,0.0,2023,0.0,0.0,2012.0,8.95,0.0,0.0,0.0,0.0,0.0,0.0,2023.0,27.56
WSM,サモア,Samoa,216663.0,938189443.830393,6304.346136884194,1365918547.05574,2023.0,2023.0,2023,2840.0,76.28978873239437,2023.0,58.1386,2022.0,72.598,2023.0,38.7278861642274,2022.0,57.8093525179856,2023.0,27.72
YEM,イエメン,Yemen,39390799.0,21606160783.9845,0.0,0.0,2018.0,0.0,2023,527970.0,74.60802507718242,2020.0,13.8152,2022.0,63.72,2023.0,41.2261185664195,2022.0,1.03983180862549,2023.0,25.93
ZAF,南アフリカ,South Africa,63212384.0,380699271814.508,13690.389458451496,865402155557.188,2023.0,2023.0,2023,1219090.0,51.8521060791246,2023.0,75.6592,2022.0,61.48,2023.0,26.0848983807105,2022.0,13.9950786833623,2023.0,18.58
ZMB,ザンビア,Zambia,20723965.0,27577956471.244,3673.484196992202,76129157926.5195,2023.0,2023.0,2023,752610.0,27.53612760925313,2023.0,33.0425,2022.0,61.803,2023.0,41.9551205572872,2022.0,59.7769691548178,2023.0,22.04
ZWE,ジンバブエ,Zimbabwe,16340822.0,35231367885.8554,3442.2513265829407,56249216206.9557,2023.0,2023.0,2023,390760.0,41.81805200122837,2023.0,38.4266,2022.0,59.391,2023.0,41.3232835325935,2022.0,44.8557321959416,2023.0,22.07
